모델명,Accuracy,Precision (부도),Recall (부도),F1 Score,ROC AUC
Logistic Regression,0.9212666666666667,0.08376963350785341,0.42290748898678415,0.13983976693372177,0.6952146000367978
Random Forest,0.9466,0.11835106382978723,0.3920704845814978,0.18181818181818182,0.7754580254309638
Gradient Boosting,0.9528,0.11885895404120443,0.3303964757709251,0.17482517482517482,0.7353941632416084
